seq,enrichment_Mota,enrichment_2D10,len
EVEREVRNWLSELLSKINDAPVTNDIKKAISNQVLKLAEPEVGDGREVKERVRKQLCSVCSNVPACWAICGGVLELVKYQGS,165,0.16,82
EVERELRNWLSEVLSKINDAPVTNDIKKAISNQVLKLAEPEVGDGREVKERVRKQLCSVCSNVPACWAICGGLLEVVKYQGS,118,0.931034483,82
EVERELRNWLSEVLSKINDAPVTNDIKKAISNQVLKVAELLRNGHSKEEFQERVRKEVCSVCSNVPACWAICGGLLEVVKYQGS,113,18.35,84
EVERELRNWLSEVLSKINDAPVTNDIKKAISNQVLKVAEQVWNGHSKEELQERVRKEVCSVCSNVPACWAICGGLLEVVKYQGS,78,13.2,84
EVERELRNWVSELLSKINDAPVTNDIKKAISNQVLKLAEQLWEGKGPAEELQERLRKEVCSVCSNVPACWAICGGLLELVKYQGS,68,0.5,85
EVEREVRNWLSELLSKINDAPVTNDIKKAISNQVLKLAEPEVGDGREVKERVRKQLCSVCSNVPACWAICGGVLEVVKYQGS,60,0.666666667,82
EVEREVRNWLSELLSKINDAPVTNDIKKAISNQVLKLAEPEVGDGREVKERVRKQLCSVCSNVPACWAICGGLLEVVKYQGS,54.15384615,0.05785124,82
EVEREVRNWLSELLSKINDAPVTNDIKKAISNQVLKLAEPEVGDGREVKERVRKQLCSVCSNVPACWAICGGLLELVKYQGS,49.7,0.052631579,82
EVEREVRNWLSELLSKINDAPVTNDIKKAISNQVLKLAEPEVGDGREVKERLRKELCSVCSNVPACWAICGGLLEVVKYQGS,49,0.538461538,82
EVERELRNWVSELLSKINDAPVTNDIKKAISNQVLKVAELLRNGHSKEELQERVRKQVCSVCSNVPACWAICGGLLELVKYQGS,48,0.5,84
EVERELRNWLSEVLSKINDAPVTNDIKKAISNQVLKVAEQVWNGHSKEELQERVRKEVCSVCSNVPACWAICGGLLELVKYQGS,45,6.5,84
EVERELRNWLSEVLSKINDAPVTNDIKKAISNQVLKLAEPEVGDGREVKERLRKELCSVCSNVPACWAICGGLLEVVKYQGS,35,6.02,82
EVERELRNWLSEVLSKINDAPVTNDIKKAISNQVLKLAEPEVGDGREVKERVRKQLCSVCSNVPACWAICGGLLELVKYQGS,30.25,0.52173913,82
EVEREVRNWLSELLSKINDAPVTNDIKKAISNQVLKLAEPEVGDGREVKERLRKELCSVCSNVPACWAICGGVLELVKYQGS,27,0.285714286,82
EVERELRNWLSEVLSKINDAPVTNDIKKAISNQVLKVAEPEVGDGREVKERLRKQLCSVCSNVPACWAICGGLLELVKYQGS,27,0.473684211,82
EVERELRNWVSELLSKINDAPVTNDIKKAISNQVLKLAEPEVGDGREVKERVRKQLCSVCSNVPACWAICGGLLEVVKYQGS,24.25,1.25,82
EVERELRNWLSEVLSKINDAPVTNDIKKAISNQVLKLAEPEVGDGREVKERVRKQVCSVCSNVPACWAICGGLLELVKYQGS,23,1.909090909,82
EVERELRNWLSEVLSKINDAPVTNDIKKAISNQVLKLAEPEVGDGREVKERLRKQLCSVCSNVPACWAICGGVLELVKYQGS,22,0.392857143,82
EVERELRNWVSELLSKINDAPVTNDIKKAISNQVLKLAEPEVGDGREVKERLRKKLCSVCSNVPACWAICGGLLELVKYQGS,20,0.1875,82
EVERELRNWLSEVLSKINDAPVTNDIKKAISNQVLKVAELLRNGHSKEEFQERVRKEVCSVCSNVPACWAICGGLLELVKYQGS,19.5,17.75,84
EVERELRNWLSELLSKINDAPVTNDIKKAISNQVLKLAEPEVGDGREVKERVRKEVCSVCSNVPACWAICGGLLEVVKYQGS,19.5,0.681818182,82
EVERELRNWLSEVLSQINDAPVTNDIKKAISNQVLKLAEPEVGDGREVKERLRKELCSVCSNVPACWAICGGLLELVKYQGS,19.33333333,0.219512195,82
EVERELRNWLSEVLSKVNDAPVTNDIKKAISNQVLKLAEQLWNGHSKEELQERLRKEVCSVCSNVPACWAICGGLLELVKYQGS,19.2,21,84
EVERELRNWLSEVLSQINDAPVTNDIKKAISNQVLKLAEPEVGDGREVKERLRKELCSVCSNVPACWAICGGVLEVVKYQGS,19,0.444444444,82
EVERELRNWLSELLSKINDAPVTNDIKKAISNQVLKLAEPEVGDGREVKERVRKQLCSVCSNVPACWAICGGLLEVVKYQGS,18.5,0.246575342,82
EVERELRNWVSELLSKINDAPVTNDIKKAISNQVLKVAEPEVGDGREVKERLRKELCSVCSNVPACWAICGGLLELVKYQGS,17,0.3,82
EVERELRNWLSEVLSKINDAPVTNDIKKAISNQVLKLAEPEVGDGREVKERLRKKLCSVCSNVPACWAICGGLLEVVKYQGS,17,0.75,82
EVERELRNWVSELLSKINDAPVTNDIKKAISNQVLKLAEPEVGDGREVKERVRKQLCSVCSNVPACWAICGGLLELVKYQGS,16,0.514285714,82
EVEREVRNWLSELLSKINDAPVTNDIKKAISNQVLKLAEPEVGDGREVKERVRKELCSVCSNVPACWAICGGLLEVVKYQGS,15.5,0.5,82
EVERELRNWLSEVLSKINDAPVTNDIKKAISNQVLKLAEPEVGDGREVKERLRKQLCSVCSNVPACWAICGGLLEVVKYQGS,15.33333333,0.791666667,82
EVERELRNWLSEVLSQINDAPVTNDIKKAISNQVLKLAEPEVGDGREVKERVRKQLCSVCSNVPACWAICGGVLELVKYQGS,15,0.4375,82
EVERELRNWLSEVLSKINDAPVTNDIKKAVSNQVLKLAEPEVGDGREVKERVRKQLCSVCSNVPACWAICGGLLEVVKYQGS,14,0.041666667,82
EVERELRNWLSEVLSKINDAPVTNDIKKAISNQVLKVAELLRNGHSKEEFQERVRKEVCSVCSNVPACWAICGGVLELVKYQGS,14,29,84
EVERELRNWLSEVLSKINDAPVTNDIKKAVSNQVLKLAEPEVGDGREVKERVRKQLCSVCSNVPACWAICGGLLELVKYQGS,13.5,0.069767442,82
EVEREVRNWLSELLSKINDAPVTNDIKKAISNQVLKLAEPEVGDGREVKERLRKQVCSVCSNVPACWAICGGLLELVKYQGS,13,0.363636364,82
EVERELRNWLSEVLSKINDAPVTNDIKKAVSNLVLKVAEPEVGDGREVKERVRKQLCSVCSNVPACWAICGGLLELVKYQGS,13,0.111111111,82
EVERELRNWVSELLSKINDAPVTNDIKKAISNLVLKLAEPEVGDGREVKERVRKELCSVCSNVPACWAICGGLLELVKYQGS,12,0.222222222,82
EVERELRNWVSEVLSKINDAPVTNDIKKAISNLVLKLAEPEVGDGREVKERVRKQLCSVCSNVPACWAICGGLLELVKYQGS,12,0.111111111,82
EVEREVRNWLSELLSKINDAPVTNDIKKAISNQVLKLAEPEVGDGREVKERLRKELCSVCSNVPACWAICGGLLELVKYQGS,11.5,0.04109589,82
EVERELRNWLSEVLSKINDAPVTNDIKKAISNQVLKLAEPEVGDGREVKERLRKQLCSVCSNVPACWAICGGLLELVKYQGS,11.25,0.53125,82
EVERELRNRLSELLSKINDAPVTNDIKKAISNQVLKLAEPEVGDGREVKERVRKQLCSVCSNVPACWAICGGLLEVVKYQGS,11,0.666666667,82
EVERELRNWVSELLSKINDAPVTNDIKKAVSNQVLKLAEQVWNGHSKEEFQERLRKEVCSVCSNVPACWAICGGLLELVKYQGS,11,2,84
EVERELRNWLSELLSKINDAPVTNDIKKAISNQVLKVAEPEVGDGREVKERVRKQLCSVCSNVPACWAICGGLLEVVKYQGS,11,0.260869565,82
EVEREVRNWLSELLSKINDAPVTNDIKKAISNQVLKLAEPEVGDGREVKERVRKELCSVCSNVPACWAICGGLLELVKYQGS,10.75,0.173913043,82
EVERELRNWLSELLSKINDAPVTNDIKKAISNQVLKVAEPEVGDGREVKERLRKELCSVCSNVPACWAICGGLLEVVKYQGS,10,1,82
EVERELRNWLSELLSKINDAPVTNDIKKAVSNQVLKLAEPEVGDGREVKERVRKELCSVCSNVPACWAICGGLLELVKYQGS,10,0.162790698,82
EVERELRNWLSEVLSKINDAPVTNDIKKAVSNQVLKLAEPEVGDGREVKERLRKQLCSVCSNVPACWAICGGLLELVKYQGS,10,0.074074074,82
EVERELRNWLSEVLSKINDAPVTNDIKKAVSNQVLKLAEQVREGKGPAEEVHERLRKELCSVCSNVPACWAICGGVLEVVKYQGS,9.5,2.6,85
EVERELRNWVSELLSKINDAPVTNDIKKAISNQVLKLAEPEVGDGREVKERLRKQLCSVCSNVPACWAICGGLLEVVKYQGS,9,0.425,82
EVERELRNWLSEVLSKINDAPVTNDIKKAISNLVLKLAEPEVGDGREVKERLRKELCSVCSNVPACWAICGGLLELVKYQGS,9,0.090909091,82
EVERELRNWVSELLSKINDAPVTNDIKKAISNQVLKLAEPEVGDGREVKERLRKELCSVCSNVPACWAICGGVLELVKYQGS,9,0.456521739,82
EVERELRNWLSELLSKINDAPVTNDIKKAISNQVLKLAEPEVGDGREVKERLRKELCSVCSNVPACWAICGGVLELVKYQGS,8,0.344262295,82
EVERELRNWVSEVLSQINDAPVTNDIKKAISNQVLKLAEPEVGDGREVKERVRKQLCSVCSNVPACWAICGGLLELVKYQGS,8,0.181818182,82
EVERELRNWVSELLSKINDAPVTNDIKKAISNQVLKVAEPEVGDGREVKERLRKELCSVCSNVPACWAICGGVLELVKYQGS,8,0.416666667,82
EVERELRNWVSELLSKINDAPVTNDIKKAISNQVLKLAEPEVGDGREVKERLRKEVCSVCSNVPACWAICGGLLEVVKYQGS,8,0.5,82
EVERELRNWVSELLSKINDAPVTNDIKKAISNQVLKLAEPEVGDGREVKERLRKEVCSVCSNVPACWAICGGLLELVKYQGS,7.5,0.363636364,82
EVERELRNWLSEVLSQINDAPVTNDIKKAISNQVLKLAEPEVGDGREVKERVRKQVCSVCSNVPACWAICGGLLELVKYQGS,7.5,0.5,82
EVERELRNWLSEVLSQINDAPVTNDIKKAISNQVLKLAEPEVGDGREVKERVRKQLCSVCSNVPACWAICGGLLELVKYQGS,7.2,0.1875,82
EVERELRNWVSELLSKINDAPVTNDIKKAISNQVLKLAEPEVGDGREVKERVRKKLCSVCSNVPACWAICGGVLELVKYQGS,7,0.533333333,82
EVEREVRNWVSEVLSKINDAPVTNDIKKAISNQVLKLAEPEVGDGREVKERVRKQLCSVCSNVPACWAICGGLLELVKYQGS,7,2,82
EVERELRNWLSELLSKINDAPVTNDIKKAISNQVLKLAEPEVGDGREVKERVRKQLCSVCSNVPACWAICGGVLEVVKYQGS,6.5,0.48,82
EVERELRNWLSEVLSKINDAPVTNDIKKAISNQVLKLAEPEVGDGREVKERLRKEVCSVCSNVPACWAICGGLLELVKYQGS,6.333333333,0.333333333,82
EVERELRNWVSELLSKINDAPVTNDIKKAISNQVLKLAEPEVGDGREVKERLRKKLCSVCSNVPACWAICGGLLEVVKYQGS,6,0.64,82
EVERELRNWLSELLSKINDAPVTNDIKKAISNQVLKLAEPEVGDGREVKERVRKQLCSVCSNVPACWAICGGVLELVKYQGS,6,0.210526316,82
EVERELRNWLSEVLSKINDAPVTNDIKKAISNLVLKLAEPEVGDGREVKERLRKKLCSVCSNVPACWAICGGLLELVKYQGS,6,0.0625,82
EVERELRNWLSELLSQINDAPVTNDIKKAISNQVLKLAEPEVGDGREVKERVRKQLCSVCSNVPACWAICGGLLELVKYQGS,6,0.338983051,82
EVEREVRNWLSEVLSKINDAPVTNDIKKAISNQVLKLAEPEVGDGREVKERLRKELCSVCSNVPACWAICGGLLELVKYQGS,6,1.375,82
EVERELRNWVSELLSKINDAPVTNDIKKAISNQVLKLAEPEVGDGREVKERLRKQLCSVCSNVPACWAICGGVLELVKYQGS,5.5,0.243902439,82
EVERELRNWLSEVLSKINDAPVTNDIKKAISNQVLKLAEPEVGDGREVKERVRKELCSVCSNVPACWAICGGLLELVKYQGS,5.333333333,0.338028169,82
EVERELRNWVSELLSKINDAPVTNDIKKAVSNQVLKLAEQVWNGHSKEEFQERLRKEVCSVCSNVPACWAICGGVLEVVKYQGS,5,11.5,84
EVERELRNWLSEVLSKVNDAPVTNDIKKAISNQVLKLAEPEVGDGREVKERLRKELCSVCSNVPACWAICGGVLELVKYQGS,5,1.571428571,82
EVERELRNWLSELLSKINDAPVTNDIKKAISNLVLKVAEPEVGDGREVKERLRKKLCSVCSNVPACWAICGGVLELVKYQGS,5,1.333333333,82
EVERELRNWLSELLSQINDAPVTNDIKKAISNQVLKLAEPEVGDGREVKERLRKELCSVCSNVPACWAICGGVLELVKYQGS,5,0.352941176,82
EVERELRNWVSEVLSKINDAPVTNDIKKAVSNQVLKLAEPEVGDGREVKERLRKQLCSVCSNVPACWAICGGLLELVKYQGS,5,0.142857143,82
EVERELRNWLSEVLSQINDAPVTNDIKKAISNQVLKLAEPEVGDGREVKERVRKQVCSVCSNVPACWAICGGLLEVVKYQGS,5,1.2,82
EVERELRNWLSELLSKINDAPVTNDIKKAISNQVLKLAEPEVGDGREVKERLRKELCSVCSNVPACWAICGGLLEVVKYQGS,4.8,0.532258065,82
EVERELRNWLSEVLSKINDAPVTNDIKKAISNLVLKLAEPEVGDGREVKERVRKQLCSVCSNVPACWAICGGLLELVKYQGS,4.666666667,0.04,82
EVERELRNWLSEVLSKINDAPVTNDIKKAVSNQVLKLAEPEVGDGREVKERLRKELCSVCSNVPACWAICGGLLELVKYQGS,4.5,0.15,82
EVERELRNWLSEVLSKVNDAPVTNDIKKAISNQVLKVAELLREGKGPAEEFHERVRKQLCSVCSNVPACWAICGGLLEVVKYQGS,4.5,15.25,85
EVERELRNWLSELLSKINDAPVTNDIKKAVSNLVLKLAEPEVGDGREVKERLRKELCSVCSNVPACWAICGGLLELVKYQGS,4,0.047619048,82
EVERELRNWLSELLSKVNDAPVTNDIKKAISNLVLKLAEPEVGDGREVKERVRKELCSVCSNVPACWAICGGLLELVKYQGS,4,0.142857143,82
EVERELRN,4,2.2,8
EVERELRNWLSEVLSKINDAPVTNDIKKAISNQVLKLAEPEVGDGREVKERVRKKLCSVCSNVPACWAICGGVLELVKYQGS,4,1.416666667,82
EVERELRNWLSELLSKINDAPVTNDIKKAVSNQVLKLAEPEVGDGREVKERVRKQLCSVCSNVPACWAICGGLLELVKYQGS,4,0.098360656,82
EVERELRNWLSEVLSKINDAPVTNDIKKAISNQVLKLAEPEVGDGREVKERLRKQVCSVCSNVPACWAICGGLLELVKYQGS,4,1.133333333,82
EVERELRNWLSELLSKINDAPVTNDIKKAVSNQVLKLAEPEVGDGREVKERLRKEVCSVCSNVPACWAICGGLLELVKYQGS,4,0.111111111,82
EVERELRNWVSELLSKINDAPVTNDIKKAISNQVLKVAEPEVGDGREVKERLRKKLCSVCSNVPACWAICGGLLELVKYQGS,4,1,82
EVERELRNWVSEVLSKINDAPVTNDIKKAVSNQVLKLAEPEVGDGREVKERVRKELCSVCSNVPACWAICGGLLELVKYQGS,4,0.5,82
EVERELRNWLSEVLSQINDAPVTNDIKKAISNQVLKLAEPEVGDGREVKERLRKQVCSVCSNVPACWAICGGLLELVKYQGS,4,0.142857143,82
EVERELRNWLSEVLSKINDAPVTNDIKKAISNQVLKLAEPEVGDGREVKERVRKEVCSVCSNVPACWAICGGLLEVVKYQGS,4,2,82
EVERELRNWVSELLSKINDAPVTNDIKKAVSNQVLKLAEPEVGDGREVKERVRKQLCSVCSNVPACWAICGGLLELVKYQGS,4,0.166666667,82
EVERELRNWVSELLSKINDAPVTNDIKKAISNQVLKLAEPEVGDGREVKERLRKQVCSVCSNVPACWAICGGLLELVKYQGS,4,0.6875,82
EVEREVRNWVSEVLSKINDAPVTNDIKKAISNQVLKLAEPEVGDGREVKERLRKQLCSVCSNVPACWAICGGLLELVKYQGS,4,0.75,82
EVERELRNWLSELLSKINDAPVTNDIKKAVSNQVLKVAEPEVGDGREVKERVRKQLCSVCSNVPACWAICGGLLELVKYQGS,4,0.666666667,82
EVERELRNWVSELLSKINDAPVTNDIKKAISNQVLKLAEPEVGDGREVKERLRKELCSVCSNVPACWAICGGLLEVVKYQGS,3.923076923,3.071428571,82
EVERELRNWVSELLSKINDAPVTNDIKKAISNQVLKVAEPEVGDGREVKERLRKQLCSVCSNVPACWAICGGVLELVKYQGS,3.666666667,0.125,82
EVERELRNWLSELLSKINDAPVTNDIKKAISNQVLKLAEPEVGDGREVKERVRKQLCSVCSNVPACWAICGGLLELVKYQGS,3.652173913,0.23943662,82
EVERELRNWVSELLSQINDAPVTNDIKKAISNQVLKLAEPEVGDGREVKERLRKELCSVCSNVPACWAICGGLLELVKYQGS,3.5,0.25,82
EVERELRNWLSEVLSKINDAPVTNDIKKAISNQVLKLAEPEVGDGREVKERVRKKVCSVCSNVPACWAICGGLLELVKYQGS,3.5,0.307692308,82
EVERELRNWVSELLSKINDAPVTNDIKKAISNQVLKLAEPEVGDGREVKERVRKELCSVCSNVPACWAICGGVLELVKYQGS,3.5,0.928571429,82
EVERELRNWVSELLSKINDAPVTNDIKKAISNQVLKLAEPEVGDGREVKERLRKKLCSVCSNVPACWAICGGVLELVKYQGS,3.333333333,0.52173913,82
EVERELRNWVSELLSQINDAPVTNDIKKAISNQVLKLAEPEVGDGREVKERVRKQLCSVCSNVPACWAICGGLLELVKYQGS,3.333333333,0.083333333,82
EVERELRNWLSELLSKINDAPVTNDIKKAISNQVLKLAEPEVGDGREVKERLRKKLCSVCSNVPACWAICGGLLELVKYQGS,3.25,0.283333333,82
EVERELRNWVSELLSKINDAPVTNDIKKAVSNQVLKLAEPEVGDGREVKERLRKELCSVCSNVPACWAICGGLLELVKYQGS,3,0.166666667,82
EVERELRNWLSEVLSKVNDAPVTNDIKKAISNLVLKLAEPEVGDGREVKERLRKELCSVCSNVPACWAICGGLLELVKYQGS,3,0.5,82
EVERELRNWVSELLSKINDAPVTNDIKKAVSNQVLKLAEPEVGDGREVKERVRKQLCSVCSNVPACWAICGGVLELVKYQGS,3,0.153846154,82
EVERELRNWLSEVLSKINDAPVTNDIKKAVSNQVLKLAEPEVGDGREVKERVRKELCSVCSNVPACWAICGGLLELVKYQGS,3,0.15,82
EVERELRNWLSELLSKINDAPVTNDIKKAVSNLVLKLAEPEVGDGREVKERVRKQLCSVCSNVPACWAICGGVLELVKYQGS,3,0.083333333,82
EVERELRNWLSELLSQINDAPVTNDIKKAISNQVLKLAEPEVGDGREVKERLRKELCSVCSNVPACWAICGGLLELVKYQGS,3,0.448275862,82
EVERELRNWLSELLSKINDAPVTNDIKKAVSNQVLKVAEPEVGDGREVKERLRKQLCSVCSNVPACWAICGGVLELVKYQGS,3,0.285714286,82
EVERELRNWLSELLSKINDAPVTNDIKKAISNQVLKVAEPEVGDGREVKERLRKEVCSVCSNVPACWAICGGLLELVKYQGS,3,0.2,82
EVERELRNWLSEVLSKINDAPVTNDIKKAISNQVLKLAEPEVGDGREVKERVRKEVCSVCSNVPACWAICGGVLELVKYQGS,3,0.636363636,82
EVERELRNWVSELLSKINDAPVTNDIKKAISNLVLKLAEPEVGDGREVKERVRKKLCSVCSNVPACWAICGGLLEVVKYQGS,3,0.142857143,82
EVERELRNWVSELLSKINDAPVTNDIKKAISNQVLKLAEPEVGDGREVKERLRKEVCSVCSNVPACWAICGGVLELVKYQGS,3,0.333333333,82
EVERELRNWVSELLSKINDAPVTNDIKKAVSNQVLKLAEPEVGDGREVKERVRKELCSVCSNVPACWAICGGVLELVKYQGS,3,0.214285714,82
EVERELRNWLSEVLSKINDAPVTNDIKKAISNQVLKLAEPEVGDGREVKERVRKELCSVCSNVPACWAICGGVLEVVKYQGS,3,2,82
EVERELRNWLSEVLSQINDAPVTNDIKKAISNQVLKLAEPEVGDGREVKERVRKELCSVCSNVPACWAICGGLLELVKYQGS,3,0.705882353,82
EVERELRNWLSELLSKINDAPVTNDIKKAISNQVLKLAEPEVGDGREVKERLRKELCSVCSNVPACWAICGGVLEVVKYQGS,3,0.238095238,82
EVEREVRNWLSELLSKINDAPVTNDIKKAISNQVLKLAEPEVGDGREVKERVRKKVCSVCSNVPACWAICGGLLELVKYQGS,3,0.4,82
EVERELRNWLSELLSKINDAPVTNDIKKAISNQVLKVAEQLRNGHSKEEVQERVRKELCSVCSNVPACWAICGGLLELVKYQGS,3,2,84
EVERELRNWVSELLSKINDAPVTNDIKKAVSNLVLKLAEPEVGDGREVKERLRKQLCSVCSNVPACWAICGGLLELVKYQGS,3,0.285714286,82
EVERELRNWVSELLSKINDAPVTNDIKKAVSNQVLKLAEPEVGDGREVKERLRKQLCSVCSNVPACWAICGGLLELVKYQGS,3,0.083333333,82
EVERELRNWLSELLSKINDAPVTNDIKKAISNQVLKVAEPEVGDGREVKERLRKQLCSVCSNVPACWAICGGLLELVKYQGS,2.875,0.233333333,82
EVERELRNWLSELLSKINDAPVTNDIKKAISNQVLKLAEPEVGDGREVKERLRKQLCSVCSNVPACWAICGGLLEVVKYQGS,2.833333333,0.548780488,82
EVERELRNWVSELLSKINDAPVTNDIKKAISNQVLKVAEPEVGDGREVKERLRKQLCSVCSNVPACWAICGGLLELVKYQGS,2.75,0.166666667,82
EVERELRNWLSELLSKINDAPVTNDIKKAISNQVLKLAEPEVGDGREVKERLRKELCSVCSNVPACWAICGGLLELVKYQGS,2.75,0.264,82
EVERELRNWLSELLSQINDAPVTNDIKKAISNQVLKLAEPEVGDGREVKERVRKQLCSVCSNVPACWAICGGLLEVVKYQGS,2.666666667,0.114942529,82
EVERELRNWVSELLSKINDAPVTNDIKKAISNQVLKLAEPEVGDGREVKERVRKKLCSVCSNVPACWAICGGLLELVKYQGS,2.666666667,0.4375,82
EVERELRNWLSEVLSKINDAPVTNDIKKAISNLVLKLAEPEVGDGREVKERVRKELCSVCSNVPACWAICGGLLELVKYQGS,2.666666667,0.4,82
EVERELRNWVSELLSKINDAPVTNDIKKAISNQVLKLAEPEVGDGREVKERVRKQLCSVCSNVPACWAICGGVLELVKYQGS,2.636363636,0.620689655,82
EVERELRNWLSELLSKINDAPVTNDIKKAISNQVLKVAEPEVGDGREVKERVRKKLCSVCSNVPACWAICGGLLELVKYQGS,2.5,0.333333333,82
EVERELRNWLSELLSKINDAPVTNDIKKAISNQVLKVAEPEVGDGREVKERLRKKLCSVCSNVPACWAICGGLLELVKYQGS,2.5,0.5,82
EVERELRNWVSELLSKVNDAPVTNDIKKAISNQVLKLAEPEVGDGREVKERVRKQVCSVCSNVPACWAICGGLLELVKYQGS,2.5,2,82
EVERELRNWLSELLSKINDAPVTNDIKKAISNLVLKVAEPEVGDGREVKERLRKKLCSVCSNVPACWAICGGLLELVKYQGS,2.5,0.333333333,82
EVERELRNWLSELLSKINDAPVTNDIKKAISNQVLKLAEPEVGDGREVKERLRKQLCSVCSNVPACWAICGGVLEVVKYQGS,2.5,3.1875,82
EVERELRNWVSELLSKINDAPVTNDIKKAISNQVLKLAEPEVGDGREVKERVRKELCSVCSNVPACWAICGGLLELVKYQGS,2.4,0.576923077,82
EVEREVRNWLSELLSKINDAPVTNDIKKAVSNLVLKLAEPEVGDGREVKERVRKQLCSVCSNVPACWAICGGLLELVKYQGS,2.333333333,0.066666667,82
EVERELRNWLSELLSKINDAPVTNDIKKAISNQVLKLAEPEVGDGREVKERLRKEVCSVCSNVPACWAICGGLLEVVKYQGS,2.333333333,0.210526316,82
EVERELRNWVSEVLSKINDAPVTNDIKKAISNQVLKLAEPEVGDGREVKERVRKQVCSVCSNVPACWAICGGLLELVKYQGS,2.333333333,1.75,82
EVERELRNWLSEVLSQINDAPVTNDIKKAISNQVLKLAEPEVGDGREVKERLRKEVCSVCSNVPACWAICGGLLELVKYQGS,2.2,0.214285714,82
EVERELRNWLSEVLSKINDAPVTNDIKKAISNQVLKLAEPEVGDGREVKERVRKELCSVCSNVPACWAICGGLLEVVKYQGS,2.2,0.652173913,82
EVERELRNWVSELLSKINDAPVTNDIKKAISNQVLKLAEPEVGDGREVKERLRKELCSVCSNVPACWAICGGVLEVVKYQGS,2,1,82
EVERELRNWLSELLSKVNDAPVTNDIKKAISNQVLKLAEPEVGDGREVKERLRKKLCSVCSNVPACWAICGGLLELVKYQGS,2,0.363636364,82
EVERELRNWVSELLSKINDAPVTNDIKKAISNLVLKLAEPEVGDGREVKERLRKELCSVCSNVPACWAICGGLLELVKYQGS,2,0.2,82
EVERELRNWLSELLSKINDAPVTNDIKKAISNQVLKLAEPEVGDGREVKERLRKQLCSVCSNVPACWAICGGVLELVKYQGS,2,0.463414634,82
EVERELRNWLSEVLSKINDAPVTNDIKKAISNLVLKVAEPEVGDGREVKERLRKELCSVCSNVPACWAICGGVLELVKYQGS,2,1,82
EVERELRNWLSELLSKVNDAPVTNDIKKAISNQVLKVAEPEVGDGREVKERLRKELCSVCSNVPACWAICGGLLELVKYQGS,2,0.166666667,82
EVERELRNWLSEVLSQINDAPVTNDIKKAISNQVLKLAEPEVGDGREVKERVRKEVCSVCSNVPACWAICGGLLELVKYQGS,2,0.125,82
EVERELRNWLSEVLSKVNDAPVTNDIKKAISNQVLKLAEPEVGDGREVKERLRKKLCSVCSNVPACWAICGGLLELVKYQGS,2,0.5,82
EVERELRNWLSELLSKINDAPVTNDIKKAVSNLVLKVAEPEVGDGREVKERLRKELCSVCSNVPACWAICGGVLELVKYQGS,2,0.5,82
EVERELRNWLSELLSKINDAPVTNDIKKAISNQVLKLAEPEVGDGREVKERVRKKLCSVCSNVPACWAICGGLLEVVKYQGS,2,0.511627907,82
EVERELRNWVSEVLSKINDAPVTNDIKKAVSNQVLKVAEPEVGDGREVKERLRKQLCSVCSNVPACWAICGGLLELVKYQGS,2,3,82
EVERELRNWLSELLSQINDAPVTNDIKKAISNQVLKLAEPEVGDGREVKERLRKQLCSVCSNVPACWAICGGLLEVVKYQGS,2,0.086956522,82
EVERELRNWLSELLSKINDAPVTNDIKKAISNQVLKLAEPEVGDGREVKERVRKKLCSVCSNVPACWAICGGVLELVKYQGS,2,0.5,82
EVERELRNWLSEVLSKINDAPVTNDIKKAISNLVLKLAEPEVGDGREVKERVRKQVCSVCSNVPACWAICGGLLEVVKYQGS,2,0.666666667,82
EVERELRNWLSEVLSKVNDAPVTNDIKKAISNQVLKLAEPEVGDGREVKERVRKELCSVCSNVPACWAICGGLLELVKYQGS,2,0.75,82
EVERELRNWLSELLSQINDAPVTNDIKKAISNQVLKLAEPEVGDGREVKERLRKKLCSVCSNVPACWAICGGLLELVKYQGS,2,0.19047619,82
EVERELRNWLSELLSKINDAPVTNDIKKAISNLVLKLAEPEVGDGREVKERLRKQLCSVCSNVPACWAICGGVLELVKYQGS,2,0.03030303,82
EVERELRNWLSEVLSKINDAPVTNDIKKAISNQVLKLAEPEVGDGREVKERVRKEVCSVCSNVPACWAICGGLLELVKYQGS,2,0.571428571,82
EVERELRNWLSELLSKINDAPVTNDIKKAVSNQVLKLAEPEVGDGREVKERVRKQLCSVCSNVPACWAICGGVLELVKYQGS,2,0.081967213,82
EVERELRNWLSEVLSKVNDAPVTNDIKKAISNQVLKVAELLREGKGPAEEFHERVRKQLCSVCSNVPACWAICGGLLELVKYQGS,2,8,85
EVERELRNWLSELLSKINDAPVTNDIKKAVSNLVLKLAEPEVGDGREVKERLRKQLCSVCSNVPACWAICGGVLELVKYQGS,2,0.133333333,82
EVERELRNWLSEVLSKINDAPVTNDIKKAVSNQVLKLAEPEVGDGREVKERVRKKLCSVCSNVPACWAICGGVLELVKYQGS,2,0.294117647,82
EVERELRNWVSELLSKINDAPVTNDIKKAISNQVLKVAEPEVGDGREVKERLRKKLCSVCSNVPACWAICGGVLELVKYQGS,2,1,82
EVERELRNWVSELLSKINDAPVTNDIKKAISNQVLKLAEPEVGDGREVKERLRKQLCSVCSNVPACWAICGGLLELVKYQGS,1.84,0.107142857,82
EVERELRNWLSELLSKINDAPVTNDIKKAISNQVLKLAEPEVGDGREVKERLRKQLCSVCSNVPACWAICGGLLELVKYQGS,1.807692308,0.202531646,82
EVERELRNWLSELLSKINDAPVTNDIKKAISNQVLKVAEPEVGDGREVKERLRKQLCSVCSNVPACWAICGGVLELVKYQGS,1.8,0.5,82
EVERELRNWLSELLSKVNDAPVTNDIKKAISNQVLKLAEPEVGDGREVKERVRKQLCSVCSNVPACWAICGGLLELVKYQGS,1.75,0.375,82
EVERELRNWVSELLSKINDAPVTNDIKKAISNQVLKLAEPEVGDGREVKERVRKQVCSVCSNVPACWAICGGVLELVKYQGS,1.666666667,0.933333333,82
EVERELRNWLSELLSKINDAPVTNDIKKAISNQVLKVAEPEVGDGREVKERVRKQVCSVCSNVPACWAICGGLLELVKYQGS,1.6,1.357142857,82
EVERELRNWLSEVLSKINDAPVTNDIKKAISNQVLKLAEPEVGDGREVKERVRKKLCSVCSNVPACWAICGGLLELVKYQGS,1.571428571,0.191489362,82
EVERELRNWLSELLSKINDAPVTNDIKKAVSNQVLKLAEPEVGDGREVKERLRKELCSVCSNVPACWAICGGLLELVKYQGS,1.571428571,0.108695652,82
EVERELRNWLSEVLSKINDAPVTNDIKKAVSNLVLKLAEPEVGDGREVKERLRKQLCSVCSNVPACWAICGGVLELVKYQGS,1.5,0.8,82
EVERELRNWLSELLSKINDAPVTNDIKKAVSNQVLKVAEPEVGDGREVKERLRKQLCSVCSNVPACWAICGGLLELVKYQGS,1.5,0.071428571,82
EVERELRNWVSELLSKINDAPVTNDIKKAISNLVLKVAEPEVGDGREVKERLRKELCSVCSNVPACWAICGGVLELVKYQGS,1.5,0.125,82
EVERELRNWVSELLSKINDAPVTNDIKKAISNQVLKLAEPEVGDGREVKERVRKKVCSVCSNVPACWAICGGLLELVKYQGS,1.5,0.125,82
EVERELRNWLSEVLSKINDAPVTNDIKKAISNQVLKLAEPEVGDGREVKERLRKQVCSVCSNVPACWAICGGLLEVVKYQGS,1.5,0.875,82
EVERELRNWVSELLSKINDAPVTNDIKKAVSNLVLKLAEPEVGDGREVKERLRKELCSVCSNVPACWAICGGLLELVKYQGS,1.5,0.25,82
EVERELRNWLSELLSKINDAPVTNDIKKAVSNQVLKLAEPEVGDGREVKERLRKQLCSVCSNVPACWAICGGLLELVKYQGS,1.5,0.037735849,82
EVERELRNWLSELLSKINDAPVTNDIKKAISNQVLKLAEPEVGDGREVKERVRKEVCSVCSNVPACWAICGGLLELVKYQGS,1.466666667,0.114285714,82
EVERELRNWLSELLSQINDAPVTNDIKKAISNQVLKLAEPEVGDGREVKERLRKQLCSVCSNVPACWAICGGLLELVKYQGS,1.4,0.208333333,82
EVERELRNWLSEVLSQINDAPVTNDIKKAISNQVLKLAEPEVGDGREVKERVRKELCSVCSNVPACWAICGGLLEVVKYQGS,1.333333333,1.25,82
EVERELRNWLSELLSKINDAPVTNDIKKAVSNLVLKLAEPEVGDGREVKERVRKKLCSVCSNVPACWAICGGLLELVKYQGS,1.333333333,0.105263158,82
EVERELRNWVSELLSKINDAPVTNDIKKAISNLVLKLAEPEVGDGREVKERVRKQLCSVCSNVPACWAICGGVLELVKYQGS,1.333333333,0.066666667,82
EVERELRNWLSELLSQINDAPVTNDIKKAVSNQVLKLAEPEVGDGREVKERVRKQLCSVCSNVPACWAICGGLLELVKYQGS,1.25,0.086956522,82
EVERELRNWLSELLSKINDAPVTNDIKKAISNLVLKLAEPEVGDGREVKERVRKQLCSVCSNVPACWAICGGLLELVKYQGS,1.25,0.011363636,82
EVEREVRNWLSELLSQINDAPVTNDIKKAISNQVLKLAELVWNGHSKEEVHERVRKELCSVCSNVPACWAICGGLLEVVKYQGS,1.214285714,5.166666667,84
EVERELRNWLSELLSKINDAPVTNDIKKAISNQVLKLAEPEVGDGREVKERVRKKLCSVCSNVPACWAICGGLLELVKYQGS,1.166666667,0.175675676,82
EVERELRNWLSELLSKINDAPVTNDIKKAVSNQVLKLAEPEVGDGREVKERLRKQLCSVCSNVPACWAICGGLLEVVKYQGS,1.125,0.2,82
EVERELRNWLSELLSKINDAPVTNDIKKAISNQVLKLAEPEVGDGREVKERLRKKLCSVCSNVPACWAICGGLLEVVKYQGS,1,0.428571429,82
EVERELRNWLSELLSKINDAPVTNDIKKAISNLVLKLAEPEVGDGREVKERVRKQLCSVCSNVPACWAICGGVLEVVKYQGS,1,0.066666667,82
EVERELRNWLSELLSKINDAPVTNDIKKAISNLVLKVAEPEVGDGREVKERVRKQLCSVCSNVPACWAICGGLLELVKYQGS,1,0.039215686,82
EVERELRNWLSELLSKINDAPVTNDIKKAVSNLVLKLAEPEVGDGREVKERVRKKLCSVCSNVPACWAICGGVLELVKYQGS,1,0.1,82
EVERELRNRLSELLSKINDAPVTNDIKKAISNQVLKLAEPEVGDGREVKERVRKELCSVCSNVPACWAICGGLLELVKYQGS,1,0.142857143,82
EVERELRNWLSELLSKVNDAPVTNDIKKAISNQVLKLAEPEVGDGREVKERVRKEVCSVCSNVPACWAICGGLLELVKYQGS,1,0.444444444,82
EVERELRNWLSELLSKINDAPVTNDIKKAISNLVLKLAEPEVGDGREVKERVRKQLCSVCSNVPACWAICGGVLELVKYQGS,1,0.025641026,82
EVERELRNWLSELLSKINDAPVTNDIKKAISNQVLKVAEPEVGDGREVKERLRKQLCSVCSNVPACWAICGGLLEVVKYQGS,1,0.333333333,82
EVERELRNWLSEVLSKINDAPVTNDIKKAVSNLVLKLAEPEVGDGREVKERLRKQVCSVCSNVPACWAICGGLLELVKYQGS,1,1,82
EVERELRNWLSEVLSKINDAPVTNDIKKAISNQVLKLAEPEVGDGREVKERVRKQVCSVCSNVPACWAICGGVLEVVKYQGS,1,1.4,82
EVERELRNWLSEVLSKINDAPVTNDIKKAVSNQVLKVAEPEVGDGREVKERVRKKLCSVCSNVPACWAICGGLLELVKYQGS,1,0.666666667,82
EVERELRNWLSELLSKINDAPVTNDIKKAISNLVLKLAEPEVGDGREVKERVRKKLCSVCSNVPACWAICGGLLEVVKYQGS,1,0.25,82
EVERELRNWLSELLSKVNDAPVTNDIKKAISNQVLKVAEPEVGDGREVKERLRKQLCSVCSNVPACWAICGGLLELVKYQGS,1,0.5,82
EVERELRNWLSELLSKVNDAPVTNDIKKAISNQVLKLAEPEVGDGREVKERLRKELCSVCSNVPACWAICGGLLEVVKYQGS,1,1.428571429,82
EVERELRNWLSELLSKINDAPVTNDIKKAISNQVLKVAEQVRNGHSKEEVQERLRKELCSVCSNVPACWAICGGLLELVKYQGS,1,1.285714286,84
EVERELRNWVSELLSKINDAPVTNDIKKAVSNQVLKLAEPEVGDGREVKERLRKQVCSVCSNVPACWAICGGLLELVKYQGS,1,0.148148148,82
EVERELRNWLSELLSKINDAPVTNDIKKAISNLVLKLAEPEVGDGREVKERVRKELCSVCSNVPACWAICGGVLELVKYQGS,1,0.028571429,82
EVERELRNWLSEVLSKINDAPVTNDIKKAISNLVLKLAEPEVGDGREVKERLRKKLCSVCSNVPACWAICGGLLEVVKYQGS,1,0.111111111,82
EVERELRNWLSELLSKVNDAPVTNDIKKAISNQVLKLAEPEVGDGREVKERLRKELCSVCSNVPACWAICGGLLELVKYQGS,1,0.482758621,82
EVERELRNWVSELLSKINDAPVTNDIKKAVSNQVLKVAEPEVGDGREVKERVRKQVCSVCSNVPACWAICGGVLELVKYQGS,1,1.333333333,82
EVERELRNWLSELLSKINDAPVTNDIKKAVSNQVLKVAEPEVGDGREVKERVRKELCSVCSNVPACWAICGGLLELVKYQGS,1,0.083333333,82
EVERELRNWLSELLSQINDAPVTNDIKKAISNQVLKLAEPEVGDGREVKERLRKQLCSVCSNVPACWAICGGVLELVKYQGS,1,0.173913043,82
EVERELRNWVSELLSKINDAPVTNDIKKAVSNQVLKVAEPEVGDGREVKERLRKQVCSVCSNVPACWAICGGVLELVKYQGS,1,1,82
EVERELRNWLSELLSQINDAPVTNDIKKAISNQVLKLAEPEVGDGREVKERLRKQVCSVCSNVPACWAICGGLLELVKYQGS,1,0.470588235,82
EVERELRNWLSELLSQINDAPVTNDIKKAISNLVLKLAEPEVGDGREVKERVRKELCSVCSNVPACWAICGGLLELVKYQGS,1,0.0625,82
EVERELRNWLSELLSKINDAPVTNDIKKAISNQVLKLAEQVRNGHSKEEVQERVRKQLCSVCSNVPACWAICGGLLELVKYQGS,1,0.333333333,84
EVERELRNWVSELLSKINDAPVTNDIKKAISNQVLKVAEPEVGDGREVKERVRKELCSVCSNVPACWAICGGVLELVKYQGS,1,0.307692308,82
EVERELRNWLSEVLSKINDAPVTNDIKKAVSNQVLKLAEPEVGDGREVKERLRKQVCSVCSNVPACWAICGGLLELVKYQGS,1,0.058823529,82
EVERELRNWLSELLSKVNDAPVTNDIKKAISNQVLKLAEPEVGDGREVKERVRKQLCSVCSNVPACWAICGGLLEVVKYQGS,1,0.5,82
EVERELRNWLSEVLSKINDAPVTNDIKKAVSNQVLKVAEPEVGDGREVKERLRKQVCSVCSNVPACWAICGGLLELVKYQGS,1,0.02247191,82
EVERELRNWLSELLSKINDAPVTNDIKKAVSNLVLKVAEPEVGDGREVKERVRKQLCSVCSNVPACWAICGGVLELVKYQGS,1,0.4,82
EVERELRNWLSELLSKINDAPVTNDIKKAISNQVLKVAEPEVGDGREVKERVRKQLCSVCSNVPACWAICGGLLELVKYQGS,0.866666667,0.121212121,82
EVERELRNWLSELLSKINDAPVTNDIKKAISNLVLKLAEPEVGDGREVKERLRKQLCSVCSNVPACWAICGGLLEVVKYQGS,0.833333333,0.133333333,82
EVERELRNWLSELLSQINDAPVTNDIKKAISNQVLKLAEPEVGDGREVKERVRKQVCSVCSNVPACWAICGGLLELVKYQGS,0.8,0.578947368,82
EVERELRNWVSELLSKINDAPVTNDIKKAISNQVLKLAEPEVGDGREVKERVRKELCSVCSNVPACWAICGGLLEVVKYQGS,0.75,0.875,82
EVERELRNWVSELLSKINDAPVTNDIKKAISNQVLKLAEPEVGDGREVKERLRKQVCSVCSNVPACWAICGGVLELVKYQGS,0.75,0.785714286,82
EVERELRNWLSELLSKVNDAPVTNDIKKAISNLVLKLAEPEVGDGREVKERVRKELCSVCSNVPACWAICGGLLEVVKYQGS,0.714285714,0.333333333,82
EVERELRNWLSELLSKINDAPVTNDIKKAISNQVLKLAEPEVGDGREVKERLRKKLCSVCSNVPACWAICGGVLELVKYQGS,0.692307692,0.441176471,82
EVERELRNWLSELLSQINDAPVTNDIKKAISNQVLKLAEPEVGDGREVKERVRKELCSVCSNVPACWAICGGLLELVKYQGS,0.666666667,1.75,82
EVERELRNWLSELLSKINDAPVTNDIKKAISNQVLKVAEPEVGDGREVKERLRKQVCSVCSNVPACWAICGGLLELVKYQGS,0.666666667,0.428571429,82
EVERELRNWVSELLSKINDAPVTNDIKKAISNQVLKLAEPEVGDGREVKERLRKELCSVCSNVPACWAICGGLLELVKYQGS,0.625,3.80952381,82
EVERELRNWLSELLSKINDAPVTNDIKKAISNQVLKLAEPEVGDGREVKERVRKELCSVCSNVPACWAICGGVLELVKYQGS,0.538461538,0.268292683,82
EVERELRNWLSELLSKINDAPVTNDIKKAISNQVLKLAEPEVGDGREVKERVRKQVCSVCSNVPACWAICGGLLELVKYQGS,0.536585366,0.380952381,82
EVERELRNWVSELLSKINDAPVTNDIKKAISNLVLKLAEPEVGDGREVKERVRKKLCSVCSNVPACWAICGGLLELVKYQGS,0.5,0.1,82
EVERELRNWLSELLSQINDAPVTNDIKKAVSNQVLKLAEPEVGDGREVKERVRKQLCSVCSNVPACWAICGGVLELVKYQGS,0.5,0.04,82
EVERELRNWLSELLSKINDAPVTNDIKKAISNLVLKVAEPEVGDGREVKERVRKKVCSVCSNVPACWAICGGLLELVKYQGS,0.5,0.333333333,82
EVERELRNWVSELLSKINDAPVTNDIKKAISNLVLKVAEPEVGDGREVKERVRKQVCSVCSNVPACWAICGGVLELVKYQGS,0.5,0.285714286,82
EVERELRNWLSELLSKINDAPVTNDIKKAISNQVLKVAEPEVGDGREVKERVRKELCSVCSNVPACWAICGGVLELVKYQGS,0.5,0.625,82
EVERELRNWLSELLSKINDAPVTNDIKKAVSNQVLKLAEPEVGDGREVKERVRKELCSVCSNVPACWAICGGLLEVVKYQGS,0.5,0.038461538,82
EVERELRNWVSELLSKINDAPVTNDIKKAVSNQVLKVAEPEVGDGREVKERLRKQLCSVCSNVPACWAICGGLLEVVKYQGS,0.5,1.666666667,82
EVERELRNWVSELLSKINDAPVTNDIKKAVSNQVLKLAEPEVGDGREVKERVRKELCSVCSNVPACWAICGGLLELVKYQGS,0.5,0.172413793,82
EVERELRNWLSELLSKINDAPVTNDIKKAISNLVLKVAEPEVGDGREVKERLRKQLCSVCSNVPACWAICGGVLELVKYQGS,0.5,0.272727273,82
EVERELRNWVSELLSQINDAPVTNDIKKAISNQVLKLAEPEVGDGREVKERVRKELCSVCSNVPACWAICGGLLEVVKYQGS,0.5,1,82
EVERELRNWVSELLSKINDAPVTNDIKKAVSNLVLKLAEPEVGDGREVKERLRKQVCSVCSNVPACWAICGGLLELVKYQGS,0.5,1,82
EVERELRNWVSELLSQINDAPVTNDIKKAISNQVLKLAEPEVGDGREVKERVRKQLCSVCSNVPACWAICGGVLELVKYQGS,0.5,0.416666667,82
EVERELRNWLSELLSKINDAPVTNDIKKAISNQVLKLAEPEVGDGREVKERLRKQVCSVCSNVPACWAICGGVLELVKYQGS,0.428571429,0.275862069,82
EVERELRNWLSELLSKINDAPVTNDIKKAVSNQVLKLAEPEVGDGREVKERLRKKLCSVCSNVPACWAICGGLLELVKYQGS,0.428571429,0.176470588,82
EVERELRNWLSEVLSQINDAPVTNDIKKAISNQVLKLAEPEVGDGREVKERVRKKLCSVCSNVPACWAICGGLLELVKYQGS,0.4,2.235294118,82
EVEREVRNWLSELLSKINDAPVTNDIKKAISNQVLKLAEPEVGDGREVKERLRKKVCSVCSNVPACWAICGGLLELVKYQGS,0.4,0.25,82
EVERELRNWLSELLSKINDAPVTNDIKKAISNLVLKVAEPEVGDGREVKERLRKELCSVCSNVPACWAICGGLLEVVKYQGS,0.375,0.181818182,82
EVERELRNWLSELLSKINDAPVTNDIKKAISNLVLKLAEPEVGDGREVKERLRKQVCSVCSNVPACWAICGGLLELVKYQGS,0.375,0.05,82
EVERELRNWLSELLSKINDAPVTNDIKKAISNQVLKLAEPEVGDGREVKERLRKQVCSVCSNVPACWAICGGLLELVKYQGS,0.352941176,0.106796117,82
EVERELRNWLSELLSQVNDAPVTNDIKKAISNQVLKLAEPEVGDGREVKERVRKELCSVCSNVPACWAICGGLLELVKYQGS,0.333333333,2,82
EVERELRNWLSELLSKINDAPVTNDIKKAISNQVLKLAEPEVGDGREVKERLRKKVCSVCSNVPACWAICGGVLELVKYQGS,0.333333333,0.074074074,82
EVERELRNWVSEVLSKINDAPVTNDIKKAISNQVLKLAEPEVGDGREVKERVRKELCSVCSNVPACWAICGGLLEVVKYQGS,0.333333333,2,82
EVERELRNWLSELLSKINDAPVTNDIKKAISNQVLKLAEPEVGDGREVKERLRKQVCSVCSNVPACWAICGGLLEVVKYQGS,0.333333333,0.26,82
EVERELRNWVSELLSKINDAPVTNDIKKAVSNQVLKLAEPEVGDGREVKERLRKQLCSVCSNVPACWAICGGVLELVKYQGS,0.333333333,0.085106383,82
EVERELRNWLSELLSKINDAPVTNDIKKAVSNQVLKLAEPEVGDGREVKERVRKEVCSVCSNVPACWAICGGLLELVKYQGS,0.333333333,0.166666667,82
EVEREVRNWLSEVLSKVNDAPVTNDIKKAISNQVLKLAEQVWNGHSKEEVQERVRKELCSVCSNVPACWAICGGLLELVKYQGS,0.285714286,10.21052632,84
EVERELRNWLSELLSKVNDAPVTNDIKKAISNLVLKLAEPEVGDGREVKERVRKQLCSVCSNVPACWAICGGLLEVVKYQGS,0.25,0.125,82
EVERELRNWLSELLSKVNDAPVTNDIKKAISNLVLKLAEPEVGDGREVKERLRKKLCSVCSNVPACWAICGGLLELVKYQGS,0.25,0.222222222,82
EVERELRNWVSELLSQINDAPVTNDIKKAISNQVLKLAEPEVGDGREVKERVRKELCSVCSNVPACWAICGGLLELVKYQGS,0.25,0.142857143,82
EVERELRNWLSELLSKVNDAPVTNDIKKAISNQVLKLAEPEVGDGREVKERLRKQLCSVCSNVPACWAICGGLLELVKYQGS,0.25,0.434782609,82
EVERELRNWVSELLSKINDAPVTNDIKKAISNLVLKLAEPEVGDGREVKERVRKELCSVCSNVPACWAICGGLLEVVKYQGS,0.25,0.25,82
EVERELRNWLSELLSKINDAPVTNDIKKAVSNQVLKLAEPEVGDGREVKERLRKQLCSVCSNVPACWAICGGVLELVKYQGS,0.25,0.266666667,82
EVERELRNWLSELLSKINDAPVTNDIKKAISNQVLKLAEPEVGDGREVKERVRKKVCSVCSNVPACWAICGGLLELVKYQGS,0.25,0.296296296,82
EVERELRNWLSELLSQINDAPVTNDIKKAISNQVLKLAEPEVGDGREVKERVRKKVCSVCSNVPACWAICGGLLELVKYQGS,0.25,0.555555556,82
EVERELRNWLSELLSKINDAPVTNDIKKAISNQVLKLAEPEVGDGREVKERVRKEVCSVCSNVPACWAICGGVLELVKYQGS,0.208333333,0.310344828,82
EVERELRNWLSELLSKINDAPVTNDIKKAISNLVLKLAEPEVGDGREVKERVRKELCSVCSNVPACWAICGGLLELVKYQGS,0.2,0.032608696,82
EVERELRNWLSELLSKINDAPVTNDIKKAISNQVLKLAEPEVGDGREVKERVRKELCSVCSNVPACWAICGGVLEVVKYQGS,0.2,0.523809524,82
EVERELRNWLSELLSKINDAPVTNDIKKAVSNQVLKLAEPEVGDGREVKERLRKQVCSVCSNVPACWAICGGLLELVKYQGS,0.181818182,0.083333333,82
EVERELRNWVSELLSKINDAPVTNDIKKAISNQVLKLAEPEVGDGREVKERLRKQVCSVCSNVPACWAICGGLLEVVKYQGS,0.181818182,1,82
EVERELRNWLSELLSKINDAPVTNDIKKAISNQVLKLAEPEVGDGREVKERVRKELCSVCSNVPACWAICGGLLELVKYQGS,0.166666667,0.356164384,82
EVERELRNWLSELLSQINDAPVTNDIKKAISNQVLKLAEPEVGDGREVKERVRKELCSVCSNVPACWAICGGLLEVVKYQGS,0.166666667,1.647058824,82
EVERELRNWLSELLSKINDAPVTNDIKKAISNQVLKLAEPEVGDGREVKERLRKKVCSVCSNVPACWAICGGLLELVKYQGS,0.130434783,0.095238095,82
EVERELRNWLSELLSKINDAPVTNDIKKAISNLVLKLAEPEVGDGREVKERLRKELCSVCSNVPACWAICGGLLELVKYQGS,0.125,0.033898305,82
EVERELRNWLSELLSQINDAPVTNDIKKAISNQVLKLAEPEVGDGREVKERVRKKLCSVCSNVPACWAICGGLLELVKYQGS,0.125,0.275862069,82
EVERELRNWLSELLSKINDAPVTNDIKKAISNQVLKLAEPEVGDGREVKERVRKQVCSVCSNVPACWAICGGVLELVKYQGS,0.111111111,0.579710145,82
EVERELRNWLSELLSKVNDAPVTNDIKKAISNQVLKLAEPEVGDGREVKERVRKELCSVCSNVPACWAICGGLLELVKYQGS,0.090909091,0.347826087,82
EVERELRNWLSELLSQINDAPVTNDIKKAISNQVLKLAEPEVGDGREVKERVRKELCSVCSNVPACWAICGGVLELVKYQGS,0.090909091,13.2,82
EVERELRNWLSELLSKINDAPVTNDIKKAISNLVLKVAEPEVGDGREVKERLRKELCSVCSNVPACWAICGGLLELVKYQGS,0.090909091,0.214285714,82
EVERELRNWLSELLSKINDAPVTNDIKKAISNQVLKLAEPEVGDGREVKERVRKELCSVCSNVPACWAICGGLLEVVKYQGS,0.034615385,0.223684211,82
EVERELRNWLSEVLSQINDAPVTNDIKKAISNQVLKLAEPEVGDGREVKERVRKKLCSVCSNVPACWAICGGLLEVVKYQGS,0.025641026,12.66666667,82